SOURCE,N TERMINUS,SEQUENCE,Length,Label
DBAASP,C8,KWKLFKKIGAVLKVL,15,1
DBAASP,C8,FWRIRIRR,8,1
DBAASP,C8,KALWKTLLKKVLKA,14,1
DBAASP,C8,ALWKTLLKKVLKA,13,1
DBAASP,C8,FWRRFWRR,8,1
DBAASP,C8,IKQVKKLFKK,10,1
DBAASP,C8,GLLKRIKTLL,10,1
DBAASP,C8,GLLKFIKKLL,10,1
DBAASP,C8,PRPRPRP,7,0
DBAASP,C8,PRPGPRP,7,0
DBAASP,C8,PRPLPRP,7,0
DBAASP,C8,PRPWPRP,7,0
DBAASP,C8,INWKGIAAMAKKLL,14,1
DBAASP,C8,GIIAGIIIKIKK,12,0
DBAASP,C8,PFWRIRIRR,9,1
DBAASP,C8,KRIVQRIKDFLR,12,1
DBAASP,C8,GLLKIIKKLL,10,1
DBAASP,C8,GLKKIIKKLL,10,1
DBAASP,C8,KLFKKLFK,8,1
DBAASP,C8,KLFKKLFKKLFK,12,1
DBAASP,C8,KRIWQRIKDFLR,12,1
DBAASP,C8,KRIWQRIKDF,10,1
DBAASP,C8,KRIWQRIK,8,1
DBAASP,C8,KRIWQR,6,1
DBAASP,C8,KRRRRR,6,0
DBAASP,C8,RGRKVVRRKK,10,1
DBAASP,C8,RGRKGGRRKK,10,1
DBAASP,C12,LWKTLLKKVLKAAA,14,1
DBAASP,C12,WKTLLKKVLKAAA,13,1
DBAASP,C12,KTLLKKVLKAAA,12,1
DBAASP,C12,TLLKKVLKAAA,11,1
DBAASP,C12,KWKLFKKIGAVLKVL,15,1
DBAASP,C12,GRRRRSVQWCA,11,1
DBAASP,C12,ALWKTLLKKVLKA,13,1
DBAASP,C12,ALWKTLLKKVLKAAA,15,1
DBAASP,C12,LLKKVLKAAA,10,1
DBAASP,C12,LKKVLKAAA,9,1
DBAASP,C12,KKVLKAAA,8,1
DBAASP,C12,KVLKAAA,7,1
DBAASP,C12,IKQVKKLFKK,10,1
DBAASP,C12,GLLKFIKKLL,10,1
DBAASP,C12,PRPRPRP,7,1
DBAASP,C12,PRPGPRP,7,0
DBAASP,C12,PRPLPRP,7,1
DBAASP,C12,PRPWPRP,7,1
DBAASP,C12,KKLFKKILKYL,11,1
DBAASP,C12,RRFWRR,6,1
DBAASP,C12,RRIWRR,6,1
DBAASP,C12,GIIAGIIIKIKK,12,0
DBAASP,C12,PFWRIRIRR,9,1
DBAASP,C12,FWRRFWRR,8,1
DBAASP,C12,CGCQLR,6,0
DBAASP,C12,KRIVQRIKDFLR,12,1
DBAASP,C12,GLLKRIKTLL,10,1
DBAASP,C12,FQWQRNIRKVR,11,0
DBAASP,C12,KLFKKLFK,8,1
DBAASP,C12,KLFKKLFKKLFK,12,1
DBAASP,C12,KRIWQRIKDFLR,12,1
DBAASP,C12,KRIWQRIKDF,10,1
DBAASP,C12,KRIWQRIK,8,1
DBAASP,C12,KRIWQR,6,1
DBAASP,C12,KLFKRHLKWKII,12,1
DBAASP,C12,KRRRRR,6,1
DBAASP,C12,KRRRRRR,7,1
DBAASP,C12,RGRKVVRRKK,10,1
DBAASP,C12,RGRKGGRRKK,10,1
DBAASP,C12,LKKLLKLLKLLKL,13,0
DBAASP,C12,KIVPAMICAVTKKC,14,1
DBAASP,C16,KWKLFKKIGAVLKVL,15,1
DBAASP,C16,WKLFKKILKVL,11,1
DBAASP,C16,RRWQWRMKK,9,1
DBAASP,C16,ALWKTLLKKVLKA,13,1
DBAASP,C16,IKQVKKLFKK,10,1
DBAASP,C16,CKKKRC,6,1
DBAASP,C16,CKKRKC,6,1
DBAASP,C16,CRKKKC,6,1
DBAASP,C16,PRPRPRP,7,1
DBAASP,C16,PRPGPRP,7,1
DBAASP,C16,PRPLPRP,7,1
DBAASP,C16,PRPWPRP,7,1
DBAASP,C16,GLLKRIKTLL,10,1
DBAASP,C16,GLLKRIKTL,9,1
DBAASP,C16,GLLKRIKT,8,1
DBAASP,C16,GLLKRIK,7,1
DBAASP,C16,GLLKRI,6,1
DBAASP,C16,CKKKKC,6,1
DBAASP,C16,CKRKKC,6,1
DBAASP,C16,CRRKKC,6,1
DBAASP,C16,KLFKKLFK,8,1
DBAASP,C16,KLFKKLFKKLFK,12,1
DBAASP,C16,KRRRRR,6,1
DBAASP,C16,RGRKVVRRKK,10,1
DBAASP,C16,RGRKGGRRKK,10,1
DBAASP,C16,FFFKKK,6,1
DBAASP,C16,VKVKVKVK,8,0
DBAASP,C16,VVVAAAKKK,9,0
DBAASP,C16,GRRGSGLGRSSSR,13,1
DBAASP,C16,GRRGGRGGRGRGR,13,1
DBAASP,C16,GKKGGKGGKGKGK,13,1
DBAASP,C16,GRRGGRGGRGR,11,1
DBAASP,C16,GRRGGRGGR,9,1
DBAASP,C16,GRRGGR,6,1
DBAASP,C16,SHHRCCRSHRCRR,13,1
DBAASP,C16,RGSRSGQSSRGERR,14,1
DBAASP,C16,SHHRHFRSHQCRR,13,1
DBAASP,C16,GSTLLSLL,8,1
LABDATA,BIP,LLRLIRRRRR,10,1
LABDATA,BIP,LLLIRRRRR,9,1
LABDATA,C16,RLIRRRRR,8,1
LABDATA,C16,LIRRRRR,7,1
LABDATA,BIP,LLKIKKSLLL,10,0
LABDATA,C16,KIKKSLLL,8,0
LABDATA,C16,LIKKKKK,7,1
LABDATA,BIP,LLLIKKKKK,9,1
LABDATA,BIP,FFLIKKKKK,9,1
LABDATA,C12,LLLIKKKKR,9,1
LABDATA,BIP,LLLIKKKKR,9,1
LABDATA,BIP,LIKKKKK,7,1
LABDATA,BIP,LDLIKKKKK,9,0
LABDATA,C16,LDLIKKKKK,9,1
LABDATA,C12,LDLIKKKKK,9,1
LABDATA,1P,LDLIKKKKK,9,0
LABDATA,C12,LLLIKKK,7,1
LABDATA,C16,LLLIKKK,7,0
LABDATA,1P,LLLIKKK,7,0
LABDATA,BIP,LLLIKKK,7,1
LABDATA,DIP,LLLIKKK,7,1
LABDATA,ATH,LLLIKKK,7,1
LABDATA,C8,LLLIKKK,7,1
LABDATA,C8,FLGKKR,6,1
LABDATA,C12,FLGKKR,6,1
LABDATA,C16,FLGKKR,6,0
LABDATA,1P,FLGKKR,6,0
LABDATA,BIP,FLGKKR,6,0
LABDATA,DIP,FLGKKR,6,0
LABDATA,NAL,FLGKKR,6,0
LABDATA,ATH,FLGKKR,6,0
LABDATA,PYR,FLGKKR,6,1
LABDATA,C3ring,FLGKKR,6,0
LABDATA,C6ring,FLGKKR,6,0
LABDATA,C8,FKRFAKK,7,0
LABDATA,C12,FKRFAKK,7,1
LABDATA,C16,FKRFAKK,7,1
LABDATA,1P,FKRFAKK,7,0
LABDATA,BIP,FKRFAKK,7,1
LABDATA,DIP,FKRFAKK,7,0
LABDATA,NAL,FKRFAKK,7,0
LABDATA,ATH,FKRFAKK,7,0
LABDATA,PYR,FKRFAKK,7,1
LABDATA,C3ring,FKRFAKK,7,0
LABDATA,C6ring,FKRFAKK,7,0
LABDATA,C8,KRWGLRYY,8,1
LABDATA,C12,KRWGLRYY,8,1
LABDATA,C16,KRWGLRYY,8,1
LABDATA,1P,KRWGLRYY,8,0
LABDATA,BIP,KRWGLRYY,8,1
LABDATA,DIP,KRWGLRYY,8,0
LABDATA,NAL,KRWGLRYY,8,0
LABDATA,ATH,KRWGLRYY,8,0
LABDATA,PYR,KRWGLRYY,8,1
LABDATA,C3ring,KRWGLRYY,8,0
LABDATA,C6ring,KRWGLRYY,8,0
LABDATA,C8,FFGKARKLGLRHYFF,15,1
LABDATA,C12,FFGKARKLGLRHYFF,15,0
LABDATA,C16,FFGKARKLGLRHYFF,15,0
LABDATA,1P,FFGKARKLGLRHYFF,15,1
LABDATA,BIP,FFGKARKLGLRHYFF,15,0
LABDATA,DIP,FFGKARKLGLRHYFF,15,1
LABDATA,NAL,FFGKARKLGLRHYFF,15,1
LABDATA,ATH,FFGKARKLGLRHYFF,15,1
LABDATA,PYR,FFGKARKLGLRHYFF,15,0
LABDATA,C3ring,FFGKARKLGLRHYFF,15,1
LABDATA,C6ring,FFGKARKLGLRHYFF,15,1
LABDATA,C8,QKNFHYTDE,9,0
LABDATA,C12,QKNFHYTDE,9,0
LABDATA,C16,QKNFHYTDE,9,0
LABDATA,1P,QKNFHYTDE,9,0
LABDATA,BIP,QKNFHYTDE,9,0
LABDATA,DIP,QKNFHYTDE,9,0
LABDATA,NAL,QKNFHYTDE,9,0
LABDATA,ATH,QKNFHYTDE,9,0
LABDATA,PYR,QKNFHYTDE,9,0
LABDATA,C3ring,QKNFHYTDE,9,0
LABDATA,C6ring,QKNFHYTDE,9,0
LABDATA,BIP,LLGHGLGYSPTSPK,14,0
LABDATA,DIP,LLGHGLGYSPTSPK,14,0
LABDATA,BIP,FFGHGLGYSPTSPK,14,0
LABDATA,DIP,FFGHGLGYSPTSPK,14,0
LABDATA,BIP,FFKIKKWLK,9,1
LABDATA,BIP,FFKWKLFKK,9,1
LABDATA,BIP,FFLKRVWKR,9,1
LABDATA,BIP,FFRLKKWIQ,9,1
LABDATA,BIP,FFKLLKRYWR,10,1
LABDATA,BIP,AAKIKKWLK,9,1
LABDATA,BIP,EEKIKKWLK,9,0
LABDATA,BIP,GGKIKKWLK,9,1
LABDATA,BIP,KKKIKKWLK,9,1
LABDATA,BIP,LLKIKKWLK,9,1
LABDATA,BIP,PPKIKKWLK,9,0
LABDATA,BIP,SSKIKKWLK,9,1
LABDATA,BIP,FFWIKRKR,8,1
LABDATA,BIP,FFRIVERIKR,10,1
LABDATA,BIP,FFKCRRKK,8,1
LABDATA,NAL,FFRKSREK,8,0
LABDATA,NAL,FFGERRY,7,0
LABDATA,NAL,FFCRRR,6,0
LABDATA,NAL,FFCRKK,6,0
LABDATA,C8,ICLDPDAPRIK,11,0
LABDATA,C12,ICLDPDAPRIK,11,0
LABDATA,C16,ICLDPDAPRIK,11,0
LABDATA,1P,ICLDPDAPRIK,11,0
LABDATA,BIP,ICLDPDAPRIK,11,0
LABDATA,DIP,ICLDPDAPRIK,11,0
LABDATA,NAL,ICLDPDAPRIK,11,0
LABDATA,ATH,ICLDPDAPRIK,11,0
LABDATA,PYR,ICLDPDAPRIK,11,0
LABDATA,C3ring,ICLDPDAPRIK,11,0
LABDATA,C6ring,ICLDPDAPRIK,11,0
LABDATA,C8,YSFMGAKLAYRRL,13,0
LABDATA,C12,YSFMGAKLAYRRL,13,0
LABDATA,C16,YSFMGAKLAYRRL,13,0
LABDATA,1P,YSFMGAKLAYRRL,13,0
LABDATA,BIP,YSFMGAKLAYRRL,13,0
LABDATA,DIP,YSFMGAKLAYRRL,13,0
LABDATA,NAL,YSFMGAKLAYRRL,13,0
LABDATA,ATH,YSFMGAKLAYRRL,13,0
LABDATA,PYR,YSFMGAKLAYRRL,13,0
LABDATA,C3ring,YSFMGAKLAYRRL,13,0
LABDATA,C6ring,YSFMGAKLAYRRL,13,0
LABDATA,C8,MIKKARKLPFFLI,13,1
LABDATA,C12,MIKKARKLPFFLI,13,0
LABDATA,C16,MIKKARKLPFFLI,13,0
LABDATA,1P,MIKKARKLPFFLI,13,1
LABDATA,BIP,MIKKARKLPFFLI,13,1
LABDATA,DIP,MIKKARKLPFFLI,13,1
LABDATA,NAL,MIKKARKLPFFLI,13,1
LABDATA,ATH,MIKKARKLPFFLI,13,1
LABDATA,PYR,MIKKARKLPFFLI,13,0
LABDATA,C3ring,MIKKARKLPFFLI,13,1
LABDATA,C6ring,MIKKARKLPFFLI,13,1
LABDATA,C8,LESHINEMARIG,12,0
LABDATA,C12,LESHINEMARIG,12,0
LABDATA,C16,LESHINEMARIG,12,0
LABDATA,1P,LESHINEMARIG,12,0
LABDATA,BIP,LESHINEMARIG,12,0
LABDATA,DIP,LESHINEMARIG,12,0
LABDATA,NAL,LESHINEMARIG,12,0
LABDATA,ATH,LESHINEMARIG,12,0
LABDATA,PYR,LESHINEMARIG,12,0
LABDATA,C3ring,LESHINEMARIG,12,0
LABDATA,C6ring,LESHINEMARIG,12,0
LABDATA,C8,LLHYKWLHKK,10,1
LABDATA,C12,LLHYKWLHKK,10,0
LABDATA,C16,LLHYKWLHKK,10,0
LABDATA,1P,LLHYKWLHKK,10,0
LABDATA,BIP,LLHYKWLHKK,10,0
LABDATA,DIP,LLHYKWLHKK,10,0
LABDATA,NAL,LLHYKWLHKK,10,0
LABDATA,ATH,LLHYKWLHKK,10,0
LABDATA,PYR,LLHYKWLHKK,10,0
LABDATA,C3ring,LLHYKWLHKK,10,0
LABDATA,C6ring,LLHYKWLHKK,10,0
LABDATA,BIP,YSPTSPR,7,0
LABDATA,DIP,YSPTSPR,7,0
LABDATA,BIP,FFYSPTSPR,9,0
LABDATA,DIP,FFYSPTSPR,9,0
LABDATA,C8,RAPYVKTK,8,0
LABDATA,C12,RAPYVKTK,8,0
LABDATA,C16,RAPYVKTK,8,1
LABDATA,1P,RAPYVKTK,8,0
LABDATA,BIP,RAPYVKTK,8,0
LABDATA,DIP,RAPYVKTK,8,0
LABDATA,NAL,RAPYVKTK,8,0
LABDATA,ATH,RAPYVKTK,8,0
LABDATA,PYR,RAPYVKTK,8,0
LABDATA,C3ring,RAPYVKTK,8,0
LABDATA,C6ring,RAPYVKTK,8,0
LABDATA,C8,LIKANWPKKWFKR,13,1
LABDATA,C12,LIKANWPKKWFKR,13,1
LABDATA,C16,LIKANWPKKWFKR,13,0
LABDATA,1P,LIKANWPKKWFKR,13,0
LABDATA,BIP,LIKANWPKKWFKR,13,1
LABDATA,DIP,LIKANWPKKWFKR,13,0
LABDATA,NAL,LIKANWPKKWFKR,13,0
LABDATA,ATH,LIKANWPKKWFKR,13,0
LABDATA,PYR,LIKANWPKKWFKR,13,0
LABDATA,C3ring,LIKANWPKKWFKR,13,0
LABDATA,C6ring,LIKANWPKKWFKR,13,0
LABDATA,C8,LSAQKK,6,0
LABDATA,C12,LSAQKK,6,0
LABDATA,C16,LSAQKK,6,0
LABDATA,1P,LSAQKK,6,0
LABDATA,BIP,LSAQKK,6,0
LABDATA,DIP,LSAQKK,6,0
LABDATA,NAL,LSAQKK,6,0
LABDATA,ATH,LSAQKK,6,0
LABDATA,PYR,LSAQKK,6,0
LABDATA,C3ring,LSAQKK,6,0
LABDATA,C6ring,LSAQKK,6,0
LABDATA,C8,VENVQLKTKC,10,0
LABDATA,C12,VENVQLKTKC,10,0
LABDATA,C16,VENVQLKTKC,10,0
LABDATA,1P,VENVQLKTKC,10,0
LABDATA,BIP,VENVQLKTKC,10,0
LABDATA,DIP,VENVQLKTKC,10,0
LABDATA,NAL,VENVQLKTKC,10,0
LABDATA,ATH,VENVQLKTKC,10,0
LABDATA,PYR,VENVQLKTKC,10,0
LABDATA,C3ring,VENVQLKTKC,10,0
LABDATA,C6ring,VENVQLKTKC,10,0
